,count,mean,std,min,max,median
Glaucoma,30.0,0.3538017844574353,0.1225301106370308,0.0952889946066122,0.5108847451617355,0.39071483165439846
Normal,10.0,0.3679210708896244,0.09502539808503291,0.20235181066037733,0.4834831007750783,0.36506246941348774
